HomeTeam,AwayTeam,FTHG,FTAG,Year
Bournemouth,Aston Villa,0,1,2015
Chelsea,Swansea,2,2,2015
Everton,Watford,2,2,2015
Leicester,Sunderland,4,2,2015
Man United,Tottenham,1,0,2015
Norwich,Crystal Palace,1,3,2015
Arsenal,West Ham,0,2,2015
Newcastle,Southampton,2,2,2015
Stoke,Liverpool,0,1,2015
West Brom,Man City,0,3,2015
Aston Villa,Man United,0,1,2015
Southampton,Everton,0,3,2015
Sunderland,Norwich,1,3,2015
Swansea,Newcastle,2,0,2015
Tottenham,Stoke,2,2,2015
Watford,West Brom,0,0,2015
West Ham,Leicester,1,2,2015
Crystal Palace,Arsenal,1,2,2015
Man City,Chelsea,3,0,2015
Liverpool,Bournemouth,1,0,2015
Crystal Palace,Aston Villa,2,1,2015
Leicester,Tottenham,1,1,2015
Man United,Newcastle,0,0,2015
Norwich,Stoke,1,1,2015
Sunderland,Swansea,1,1,2015
West Ham,Bournemouth,3,4,2015
Everton,Man City,0,2,2015
Watford,Southampton,0,0,2015
West Brom,Chelsea,2,3,2015
Arsenal,Liverpool,0,0,2015
Aston Villa,Sunderland,2,2,2015
Bournemouth,Leicester,1,1,2015
Chelsea,Crystal Palace,1,2,2015
Liverpool,West Ham,0,3,2015
Man City,Watford,2,0,2015
Newcastle,Arsenal,0,1,2015
Stoke,West Brom,0,1,2015
Tottenham,Everton,0,0,2015
Southampton,Norwich,3,0,2015
Swansea,Man United,2,1,2015
Arsenal,Stoke,2,0,2015
Crystal Palace,Man City,0,1,2015
Everton,Chelsea,3,1,2015
Man United,Liverpool,3,1,2015
Norwich,Bournemouth,3,1,2015
Watford,Swansea,1,0,2015
West Brom,Southampton,0,0,2015
Leicester,Aston Villa,3,2,2015
Sunderland,Tottenham,0,1,2015
West Ham,Newcastle,2,0,2015
Aston Villa,West Brom,0,1,2015
Bournemouth,Sunderland,2,0,2015
Chelsea,Arsenal,2,0,2015
Man City,West Ham,1,2,2015
Newcastle,Watford,1,2,2015
Stoke,Leicester,2,2,2015
Swansea,Everton,0,0,2015
Liverpool,Norwich,1,1,2015
Southampton,Man United,2,3,2015
Tottenham,Crystal Palace,1,0,2015
Leicester,Arsenal,2,5,2015
Liverpool,Aston Villa,3,2,2015
Man United,Sunderland,3,0,2015
Newcastle,Chelsea,2,2,2015
Southampton,Swansea,3,1,2015
Stoke,Bournemouth,2,1,2015
Tottenham,Man City,4,1,2015
West Ham,Norwich,2,2,2015
Watford,Crystal Palace,0,1,2015
West Brom,Everton,2,3,2015
Aston Villa,Stoke,0,1,2015
Bournemouth,Watford,1,1,2015
Chelsea,Southampton,1,3,2015
Crystal Palace,West Brom,2,0,2015
Man City,Newcastle,6,1,2015
Norwich,Leicester,1,2,2015
Sunderland,West Ham,2,2,2015
Arsenal,Man United,3,0,2015
Everton,Liverpool,1,1,2015
Swansea,Tottenham,2,2,2015
Chelsea,Aston Villa,2,0,2015
Crystal Palace,West Ham,1,3,2015
Everton,Man United,0,3,2015
Man City,Bournemouth,5,1,2015
Southampton,Leicester,2,2,2015
Tottenham,Liverpool,0,0,2015
Watford,Arsenal,0,3,2015
West Brom,Sunderland,1,0,2015
Newcastle,Norwich,6,2,2015
Swansea,Stoke,0,1,2015
Arsenal,Everton,2,1,2015
Aston Villa,Swansea,1,2,2015
Leicester,Crystal Palace,1,0,2015
Norwich,West Brom,0,1,2015
Stoke,Watford,0,2,2015
West Ham,Chelsea,2,1,2015
Bournemouth,Tottenham,1,5,2015
Liverpool,Southampton,1,1,2015
Man United,Man City,0,0,2015
Sunderland,Newcastle,3,0,2015
Chelsea,Liverpool,1,3,2015
Crystal Palace,Man United,0,0,2015
Man City,Norwich,2,1,2015
Newcastle,Stoke,0,0,2015
Swansea,Arsenal,0,3,2015
Watford,West Ham,2,0,2015
West Brom,Leicester,2,3,2015
Everton,Sunderland,6,2,2015
Southampton,Bournemouth,2,0,2015
Tottenham,Aston Villa,3,1,2015
Bournemouth,Newcastle,0,1,2015
Leicester,Watford,2,1,2015
Man United,West Brom,2,0,2015
Norwich,Swansea,1,0,2015
Stoke,Chelsea,1,0,2015
Sunderland,Southampton,0,1,2015
West Ham,Everton,1,1,2015
Arsenal,Tottenham,1,1,2015
Aston Villa,Man City,0,0,2015
Liverpool,Crystal Palace,1,2,2015
Chelsea,Norwich,1,0,2015
Everton,Aston Villa,4,0,2015
Man City,Liverpool,1,4,2015
Newcastle,Leicester,0,3,2015
Southampton,Stoke,0,1,2015
Swansea,Bournemouth,2,2,2015
Watford,Man United,1,2,2015
West Brom,Arsenal,2,1,2015
Tottenham,West Ham,4,1,2015
Crystal Palace,Sunderland,0,1,2015
Aston Villa,Watford,2,3,2015
Bournemouth,Everton,3,3,2015
Crystal Palace,Newcastle,5,1,2015
Leicester,Man United,1,1,2015
Man City,Southampton,3,1,2015
Sunderland,Stoke,2,0,2015
Liverpool,Swansea,1,0,2015
Norwich,Arsenal,1,1,2015
Tottenham,Chelsea,0,0,2015
West Ham,West Brom,1,1,2015
Arsenal,Sunderland,3,1,2015
Chelsea,Bournemouth,0,1,2015
Man United,West Ham,0,0,2015
Southampton,Aston Villa,1,1,2015
Stoke,Man City,2,0,2015
Swansea,Leicester,0,3,2015
Watford,Norwich,2,0,2015
West Brom,Tottenham,1,1,2015
Newcastle,Liverpool,2,0,2015
Everton,Crystal Palace,1,1,2015
Bournemouth,Man United,2,1,2015
Crystal Palace,Southampton,1,0,2015
Man City,Swansea,2,1,2015
Norwich,Everton,1,1,2015
Sunderland,Watford,0,1,2015
West Ham,Stoke,0,0,2015
Aston Villa,Arsenal,0,2,2015
Liverpool,West Brom,2,2,2015
Tottenham,Newcastle,1,2,2015
Leicester,Chelsea,2,1,2015
Chelsea,Sunderland,3,1,2015
Everton,Leicester,2,3,2015
Man United,Norwich,1,2,2015
Newcastle,Aston Villa,1,1,2015
Southampton,Tottenham,0,2,2015
Stoke,Crystal Palace,1,2,2015
West Brom,Bournemouth,1,2,2015
Swansea,West Ham,0,0,2015
Watford,Liverpool,3,0,2015
Arsenal,Man City,2,1,2015
Aston Villa,West Ham,1,1,2015
Bournemouth,Crystal Palace,0,0,2015
Chelsea,Watford,2,2,2015
Liverpool,Leicester,1,0,2015
Man City,Sunderland,4,1,2015
Newcastle,Everton,0,1,2015
Southampton,Arsenal,4,0,2015
Stoke,Man United,2,0,2015
Swansea,West Brom,1,0,2015
Tottenham,Norwich,3,0,2015
Arsenal,Bournemouth,2,0,2015
Crystal Palace,Swansea,0,0,2015
Everton,Stoke,3,4,2015
Man United,Chelsea,0,0,2015
Norwich,Aston Villa,2,0,2015
Watford,Tottenham,1,2,2015
West Brom,Newcastle,1,0,2015
West Ham,Southampton,2,1,2015
Leicester,Man City,0,0,2015
Sunderland,Liverpool,0,1,2015
Arsenal,Newcastle,1,0,2015
Leicester,Bournemouth,0,0,2015
Man United,Swansea,2,1,2015
Norwich,Southampton,1,0,2015
Sunderland,Aston Villa,3,1,2015
Watford,Man City,1,2,2015
West Brom,Stoke,2,1,2015
West Ham,Liverpool,2,0,2015
Crystal Palace,Chelsea,0,3,2015
Everton,Tottenham,1,1,2015
Aston Villa,Crystal Palace,1,0,2015
Bournemouth,West Ham,1,3,2015
Newcastle,Man United,3,3,2015
Chelsea,West Brom,2,2,2015
Liverpool,Arsenal,3,3,2015
Man City,Everton,0,0,2015
Southampton,Watford,2,0,2015
Stoke,Norwich,3,1,2015
Swansea,Sunderland,2,4,2015
Tottenham,Leicester,0,1,2015
Aston Villa,Leicester,1,1,2015
Bournemouth,Norwich,3,0,2015
Chelsea,Everton,3,3,2015
Man City,Crystal Palace,4,0,2015
Newcastle,West Ham,2,1,2015
Southampton,West Brom,3,0,2015
Tottenham,Sunderland,4,1,2015
Liverpool,Man United,0,1,2015
Stoke,Arsenal,0,0,2015
Swansea,Watford,1,0,2015
Crystal Palace,Tottenham,1,3,2015
Leicester,Stoke,3,0,2015
Man United,Southampton,0,1,2015
Norwich,Liverpool,4,5,2015
Sunderland,Bournemouth,1,1,2015
Watford,Newcastle,2,1,2015
West Brom,Aston Villa,0,0,2015
West Ham,Man City,2,2,2015
Arsenal,Chelsea,0,1,2015
Everton,Swansea,1,2,2015
Arsenal,Southampton,0,0,2015
Crystal Palace,Bournemouth,1,2,2015
Leicester,Liverpool,2,0,2015
Man United,Stoke,3,0,2015
Norwich,Tottenham,0,3,2015
Sunderland,Man City,0,1,2015
West Brom,Swansea,1,1,2015
West Ham,Aston Villa,2,0,2015
Everton,Newcastle,3,0,2015
Watford,Chelsea,0,0,2015
Aston Villa,Norwich,2,0,2015
Liverpool,Sunderland,2,2,2015
Man City,Leicester,1,3,2015
Newcastle,West Brom,1,0,2015
Southampton,West Ham,1,0,2015
Stoke,Everton,0,3,2015
Swansea,Crystal Palace,1,1,2015
Tottenham,Watford,1,0,2015
Bournemouth,Arsenal,0,2,2015
Chelsea,Man United,1,1,2015
Bournemouth,Stoke,1,3,2015
Chelsea,Newcastle,5,1,2015
Crystal Palace,Watford,1,2,2015
Everton,West Brom,0,1,2015
Norwich,West Ham,2,2,2015
Sunderland,Man United,2,1,2015
Swansea,Southampton,0,1,2015
Arsenal,Leicester,2,1,2015
Aston Villa,Liverpool,0,6,2015
Man City,Tottenham,1,2,2015
Leicester,Norwich,1,0,2015
Southampton,Chelsea,1,2,2015
Stoke,Aston Villa,2,1,2015
Watford,Bournemouth,0,0,2015
West Brom,Crystal Palace,3,2,2015
West Ham,Sunderland,1,0,2015
Tottenham,Swansea,2,1,2015
Man United,Arsenal,3,2,2015
Aston Villa,Everton,1,3,2015
Bournemouth,Southampton,2,0,2015
Leicester,West Brom,2,2,2015
Norwich,Chelsea,1,2,2015
Sunderland,Crystal Palace,2,2,2015
Arsenal,Swansea,1,2,2015
Liverpool,Man City,3,0,2015
Man United,Watford,1,0,2015
Stoke,Newcastle,1,0,2015
West Ham,Tottenham,1,0,2015
Chelsea,Stoke,1,1,2015
Everton,West Ham,2,3,2015
Man City,Aston Villa,4,0,2015
Newcastle,Bournemouth,1,3,2015
Southampton,Sunderland,1,1,2015
Swansea,Norwich,1,0,2015
Tottenham,Arsenal,2,2,2015
Watford,Leicester,0,1,2015
Crystal Palace,Liverpool,1,2,2015
West Brom,Man United,1,0,2015
Bournemouth,Swansea,3,2,2015
Norwich,Man City,0,0,2015
Stoke,Southampton,1,2,2015
Aston Villa,Tottenham,0,2,2015
Leicester,Newcastle,1,0,2015
Chelsea,West Ham,2,2,2015
Crystal Palace,Leicester,0,1,2015
Everton,Arsenal,0,2,2015
Swansea,Aston Villa,1,0,2015
Watford,Stoke,1,2,2015
West Brom,Norwich,0,1,2015
Man City,Man United,0,1,2015
Newcastle,Sunderland,1,1,2015
Southampton,Liverpool,3,2,2015
Tottenham,Bournemouth,3,0,2015
Arsenal,Watford,4,0,2015
Aston Villa,Chelsea,0,4,2015
Bournemouth,Man City,0,4,2015
Liverpool,Tottenham,1,1,2015
Norwich,Newcastle,3,2,2015
Stoke,Swansea,2,2,2015
Sunderland,West Brom,0,0,2015
West Ham,Crystal Palace,2,2,2015
Leicester,Southampton,1,0,2015
Man United,Everton,1,0,2015
Aston Villa,Bournemouth,1,2,2015
Crystal Palace,Norwich,1,0,2015
Man City,West Brom,2,1,2015
Southampton,Newcastle,3,1,2015
Swansea,Chelsea,1,0,2015
Watford,Everton,1,1,2015
West Ham,Arsenal,3,3,2015
Liverpool,Stoke,4,1,2015
Sunderland,Leicester,0,2,2015
Tottenham,Man United,3,0,2015
Crystal Palace,Everton,0,0,2015
Chelsea,Man City,0,3,2015
Everton,Southampton,1,1,2015
Man United,Aston Villa,1,0,2015
Newcastle,Swansea,3,0,2015
Norwich,Sunderland,0,3,2015
West Brom,Watford,0,1,2015
Arsenal,Crystal Palace,1,1,2015
Bournemouth,Liverpool,1,2,2015
Leicester,West Ham,2,2,2015
Stoke,Tottenham,0,4,2015
Newcastle,Man City,1,1,2015
Liverpool,Everton,4,0,2015
Man United,Crystal Palace,2,0,2015
West Ham,Watford,3,1,2015
Arsenal,West Brom,2,0,2015
Aston Villa,Southampton,2,4,2015
Bournemouth,Chelsea,1,4,2015
Liverpool,Newcastle,2,2,2015
Man City,Stoke,4,0,2015
Leicester,Swansea,4,0,2015
Sunderland,Arsenal,0,0,2015
Tottenham,West Brom,1,1,2015
Arsenal,Norwich,1,0,2015
Everton,Bournemouth,2,1,2015
Newcastle,Crystal Palace,1,0,2015
Stoke,Sunderland,1,1,2015
Watford,Aston Villa,3,2,2015
West Brom,West Ham,0,3,2015
Man United,Leicester,1,1,2015
Southampton,Man City,4,2,2015
Swansea,Liverpool,3,1,2015
Chelsea,Tottenham,2,2,2015
Aston Villa,Newcastle,0,0,2015
Bournemouth,West Brom,1,1,2015
Crystal Palace,Stoke,2,1,2015
Leicester,Everton,3,1,2015
Norwich,Man United,0,1,2015
Sunderland,Chelsea,3,2,2015
West Ham,Swansea,1,4,2015
Liverpool,Watford,2,0,2015
Man City,Arsenal,2,2,2015
Tottenham,Southampton,1,2,2015
West Ham,Man United,3,2,2015
Liverpool,Chelsea,1,1,2015
Norwich,Watford,4,2,2015
Sunderland,Everton,3,0,2015
Arsenal,Aston Villa,4,0,2015
Chelsea,Leicester,1,1,2015
Everton,Norwich,3,0,2015
Newcastle,Tottenham,5,1,2015
Southampton,Crystal Palace,4,1,2015
Stoke,West Ham,2,1,2015
Swansea,Man City,1,1,2015
Watford,Sunderland,2,2,2015
West Brom,Liverpool,1,1,2015
Man United,Bournemouth,3,1,2015
Burnley,Swansea,0,1,2016
Crystal Palace,West Brom,0,1,2016
Everton,Tottenham,1,1,2016
Hull,Leicester,2,1,2016
Man City,Sunderland,2,1,2016
Middlesbrough,Stoke,1,1,2016
Southampton,Watford,1,1,2016
Arsenal,Liverpool,3,4,2016
Bournemouth,Man United,1,3,2016
Chelsea,West Ham,2,1,2016
Man United,Southampton,2,0,2016
Burnley,Liverpool,2,0,2016
Leicester,Arsenal,0,0,2016
Stoke,Man City,1,4,2016
Swansea,Hull,0,2,2016
Tottenham,Crystal Palace,1,0,2016
Watford,Chelsea,1,2,2016
West Brom,Everton,1,2,2016
Sunderland,Middlesbrough,1,2,2016
West Ham,Bournemouth,1,0,2016
Chelsea,Burnley,3,0,2016
Crystal Palace,Bournemouth,1,1,2016
Everton,Stoke,1,0,2016
Hull,Man United,0,1,2016
Leicester,Swansea,2,1,2016
Southampton,Sunderland,1,1,2016
Tottenham,Liverpool,1,1,2016
Watford,Arsenal,1,3,2016
Man City,West Ham,3,1,2016
West Brom,Middlesbrough,0,0,2016
Arsenal,Southampton,2,1,2016
Bournemouth,West Brom,1,0,2016
Burnley,Hull,1,1,2016
Liverpool,Leicester,4,1,2016
Man United,Man City,1,2,2016
Middlesbrough,Crystal Palace,1,2,2016
Stoke,Tottenham,0,4,2016
West Ham,Watford,2,4,2016
Swansea,Chelsea,2,2,2016
Sunderland,Everton,0,3,2016
Chelsea,Liverpool,1,2,2016
Everton,Middlesbrough,3,1,2016
Hull,Arsenal,1,4,2016
Leicester,Burnley,3,0,2016
Man City,Bournemouth,4,0,2016
West Brom,West Ham,4,2,2016
Crystal Palace,Stoke,4,1,2016
Southampton,Swansea,1,0,2016
Tottenham,Sunderland,1,0,2016
Watford,Man United,3,1,2016
Arsenal,Chelsea,3,0,2016
Bournemouth,Everton,1,0,2016
Liverpool,Hull,5,1,2016
Man United,Leicester,4,1,2016
Middlesbrough,Tottenham,1,2,2016
Stoke,West Brom,1,1,2016
Sunderland,Crystal Palace,2,3,2016
Swansea,Man City,1,3,2016
West Ham,Southampton,0,3,2016
Burnley,Watford,2,0,2016
Everton,Crystal Palace,1,1,2016
Hull,Chelsea,0,2,2016
Sunderland,West Brom,1,1,2016
Swansea,Liverpool,1,2,2016
Watford,Bournemouth,2,2,2016
West Ham,Middlesbrough,1,1,2016
Burnley,Arsenal,0,1,2016
Leicester,Southampton,0,0,2016
Man United,Stoke,1,1,2016
Tottenham,Man City,2,0,2016
Arsenal,Swansea,3,2,2016
Bournemouth,Hull,6,1,2016
Chelsea,Leicester,3,0,2016
Crystal Palace,West Ham,0,1,2016
Man City,Everton,1,1,2016
Stoke,Sunderland,2,0,2016
West Brom,Tottenham,1,1,2016
Middlesbrough,Watford,0,1,2016
Southampton,Burnley,3,1,2016
Liverpool,Man United,0,0,2016
Arsenal,Middlesbrough,0,0,2016
Bournemouth,Tottenham,0,0,2016
Burnley,Everton,2,1,2016
Hull,Stoke,0,2,2016
Leicester,Crystal Palace,3,1,2016
Liverpool,West Brom,2,1,2016
Swansea,Watford,0,0,2016
West Ham,Sunderland,1,0,2016
Chelsea,Man United,4,0,2016
Man City,Southampton,1,1,2016
Crystal Palace,Liverpool,2,4,2016
Man United,Burnley,0,0,2016
Middlesbrough,Bournemouth,2,0,2016
Sunderland,Arsenal,1,4,2016
Tottenham,Leicester,1,1,2016
Watford,Hull,1,0,2016
West Brom,Man City,0,4,2016
Everton,West Ham,2,0,2016
Southampton,Chelsea,0,2,2016
Stoke,Swansea,3,1,2016
Bournemouth,Sunderland,1,2,2016
Burnley,Crystal Palace,3,2,2016
Chelsea,Everton,5,0,2016
Man City,Middlesbrough,1,1,2016
West Ham,Stoke,1,1,2016
Arsenal,Tottenham,1,1,2016
Hull,Southampton,2,1,2016
Leicester,West Brom,1,2,2016
Liverpool,Watford,6,1,2016
Swansea,Man United,1,3,2016
Crystal Palace,Man City,1,2,2016
Everton,Swansea,1,1,2016
Man United,Arsenal,1,1,2016
Southampton,Liverpool,0,0,2016
Stoke,Bournemouth,0,1,2016
Sunderland,Hull,3,0,2016
Tottenham,West Ham,3,2,2016
Watford,Leicester,2,1,2016
Middlesbrough,Chelsea,0,1,2016
West Brom,Burnley,4,0,2016
Burnley,Man City,1,2,2016
Chelsea,Tottenham,2,1,2016
Hull,West Brom,1,1,2016
Leicester,Middlesbrough,2,2,2016
Liverpool,Sunderland,2,0,2016
Swansea,Crystal Palace,5,4,2016
Arsenal,Bournemouth,3,1,2016
Man United,West Ham,1,1,2016
Southampton,Everton,1,0,2016
Watford,Stoke,0,1,2016
Crystal Palace,Southampton,3,0,2016
Man City,Chelsea,1,3,2016
Stoke,Burnley,2,0,2016
Sunderland,Leicester,2,1,2016
Tottenham,Swansea,5,0,2016
West Brom,Watford,3,1,2016
West Ham,Arsenal,1,5,2016
Bournemouth,Liverpool,4,3,2016
Everton,Man United,1,1,2016
Middlesbrough,Hull,1,0,2016
Arsenal,Stoke,3,1,2016
Burnley,Bournemouth,3,2,2016
Hull,Crystal Palace,3,3,2016
Leicester,Man City,4,2,2016
Swansea,Sunderland,3,0,2016
Watford,Everton,3,2,2016
Chelsea,West Brom,1,0,2016
Liverpool,West Ham,2,2,2016
Man United,Tottenham,1,0,2016
Southampton,Middlesbrough,1,0,2016
Bournemouth,Leicester,1,0,2016
Everton,Arsenal,2,1,2016
Crystal Palace,Man United,1,2,2016
Man City,Watford,2,0,2016
Middlesbrough,Liverpool,0,3,2016
Stoke,Southampton,0,0,2016
Sunderland,Chelsea,0,1,2016
Tottenham,Hull,3,0,2016
West Brom,Swansea,3,1,2016
West Ham,Burnley,1,0,2016
Crystal Palace,Chelsea,0,1,2016
Middlesbrough,Swansea,3,0,2016
Stoke,Leicester,2,2,2016
Sunderland,Watford,1,0,2016
West Brom,Man United,0,2,2016
West Ham,Hull,1,0,2016
Bournemouth,Southampton,1,3,2016
Man City,Arsenal,2,1,2016
Tottenham,Burnley,2,1,2016
Everton,Liverpool,0,1,2016
Arsenal,West Brom,1,0,2016
Burnley,Middlesbrough,1,0,2016
Chelsea,Bournemouth,3,0,2016
Hull,Man City,0,3,2016
Leicester,Everton,0,2,2016
Man United,Sunderland,3,1,2016
Swansea,West Ham,1,4,2016
Watford,Crystal Palace,1,1,2016
Liverpool,Stoke,4,1,2016
Southampton,Tottenham,1,4,2016
Hull,Everton,2,2,2016
Burnley,Sunderland,4,1,2016
Chelsea,Stoke,4,2,2016
Leicester,West Ham,1,0,2016
Liverpool,Man City,1,0,2016
Man United,Middlesbrough,2,1,2016
Southampton,West Brom,1,2,2016
Swansea,Bournemouth,0,3,2016
Arsenal,Crystal Palace,2,0,2016
Watford,Tottenham,1,4,2016
Everton,Southampton,3,0,2016
Man City,Burnley,2,1,2016
Middlesbrough,Leicester,0,0,2016
Sunderland,Liverpool,2,2,2016
West Brom,Hull,3,1,2016
West Ham,Man United,0,2,2016
Bournemouth,Arsenal,3,3,2016
Crystal Palace,Swansea,1,2,2016
Stoke,Watford,2,0,2016
Tottenham,Chelsea,2,0,2016
Burnley,Southampton,1,0,2016
Hull,Bournemouth,3,1,2016
Leicester,Chelsea,0,3,2016
Sunderland,Stoke,1,3,2016
Swansea,Arsenal,0,4,2016
Tottenham,West Brom,4,0,2016
Watford,Middlesbrough,0,0,2016
West Ham,Crystal Palace,3,0,2016
Everton,Man City,4,0,2016
Man United,Liverpool,1,1,2016
Bournemouth,Watford,2,2,2016
Crystal Palace,Everton,0,1,2016
Liverpool,Swansea,2,3,2016
Man City,Tottenham,2,2,2016
Middlesbrough,West Ham,1,3,2016
Stoke,Man United,1,1,2016
West Brom,Sunderland,2,0,2016
Arsenal,Burnley,2,1,2016
Chelsea,Hull,2,0,2016
Southampton,Leicester,3,0,2016
Arsenal,Watford,1,2,2016
Bournemouth,Crystal Palace,0,2,2016
Burnley,Leicester,1,0,2016
Liverpool,Chelsea,1,1,2016
Middlesbrough,West Brom,1,1,2016
Sunderland,Tottenham,0,0,2016
Swansea,Southampton,2,1,2016
Man United,Hull,0,0,2016
Stoke,Everton,1,1,2016
West Ham,Man City,0,4,2016
Chelsea,Arsenal,3,1,2016
Crystal Palace,Sunderland,0,4,2016
Everton,Bournemouth,6,3,2016
Hull,Liverpool,2,0,2016
Southampton,West Ham,1,3,2016
Tottenham,Middlesbrough,1,0,2016
Watford,Burnley,2,1,2016
West Brom,Stoke,1,0,2016
Leicester,Man United,0,3,2016
Man City,Swansea,2,1,2016
Arsenal,Hull,2,0,2016
Liverpool,Tottenham,2,0,2016
Man United,Watford,2,0,2016
Middlesbrough,Everton,0,0,2016
Stoke,Crystal Palace,1,0,2016
Sunderland,Southampton,0,4,2016
West Ham,West Brom,2,2,2016
Burnley,Chelsea,1,1,2016
Swansea,Leicester,2,0,2016
Bournemouth,Man City,0,2,2016
Chelsea,Swansea,3,1,2016
Crystal Palace,Middlesbrough,1,0,2016
Everton,Sunderland,2,0,2016
Hull,Burnley,1,1,2016
Watford,West Ham,1,1,2016
West Brom,Bournemouth,2,1,2016
Tottenham,Stoke,4,0,2016
Leicester,Liverpool,3,1,2016
Leicester,Hull,3,1,2016
Liverpool,Arsenal,3,1,2016
Man United,Bournemouth,1,1,2016
Stoke,Middlesbrough,2,0,2016
Swansea,Burnley,3,2,2016
Watford,Southampton,3,4,2016
West Brom,Crystal Palace,0,2,2016
Sunderland,Man City,0,2,2016
Tottenham,Everton,3,2,2016
West Ham,Chelsea,1,2,2016
Man City,Stoke,0,0,2016
Bournemouth,West Ham,3,2,2016
Everton,West Brom,3,0,2016
Hull,Swansea,2,1,2016
Liverpool,Burnley,2,1,2016
Bournemouth,Swansea,2,0,2016
Crystal Palace,Watford,1,0,2016
Everton,Hull,4,0,2016
Stoke,Chelsea,1,2,2016
Sunderland,Burnley,0,0,2016
West Brom,Arsenal,3,1,2016
West Ham,Leicester,2,3,2016
Man City,Liverpool,1,1,2016
Middlesbrough,Man United,1,3,2016
Tottenham,Southampton,2,1,2016
Burnley,Tottenham,0,2,2016
Chelsea,Crystal Palace,1,2,2016
Hull,West Ham,2,1,2016
Leicester,Stoke,2,0,2016
Liverpool,Everton,3,1,2016
Man United,West Brom,0,0,2016
Southampton,Bournemouth,0,0,2016
Watford,Sunderland,1,0,2016
Arsenal,Man City,2,2,2016
Swansea,Middlesbrough,0,0,2016
Burnley,Stoke,1,0,2016
Leicester,Sunderland,2,0,2016
Man United,Everton,1,1,2016
Watford,West Brom,2,0,2016
Arsenal,West Ham,3,0,2016
Chelsea,Man City,2,1,2016
Hull,Middlesbrough,4,2,2016
Liverpool,Bournemouth,2,2,2016
Southampton,Crystal Palace,3,1,2016
Swansea,Tottenham,1,3,2016
Bournemouth,Chelsea,1,3,2016
Man City,Hull,3,1,2016
Middlesbrough,Burnley,0,0,2016
Stoke,Liverpool,1,2,2016
Tottenham,Watford,4,0,2016
West Brom,Southampton,0,1,2016
West Ham,Swansea,1,0,2016
Everton,Leicester,4,2,2016
Sunderland,Man United,0,3,2016
Crystal Palace,Arsenal,3,0,2016
Crystal Palace,Leicester,2,2,2016
Everton,Burnley,3,1,2016
Southampton,Man City,0,3,2016
Stoke,Hull,3,1,2016
Sunderland,West Ham,2,2,2016
Tottenham,Bournemouth,4,0,2016
Watford,Swansea,1,0,2016
Man United,Chelsea,2,0,2016
West Brom,Liverpool,0,1,2016
Middlesbrough,Arsenal,1,2,2016
Bournemouth,Middlesbrough,4,0,2016
Hull,Watford,2,0,2016
Swansea,Stoke,2,0,2016
West Ham,Everton,0,0,2016
Burnley,Man United,0,2,2016
Liverpool,Crystal Palace,1,2,2016
Chelsea,Southampton,4,2,2016
Arsenal,Leicester,1,0,2016
Crystal Palace,Tottenham,0,1,2016
Middlesbrough,Sunderland,1,0,2016
Man City,Man United,0,0,2016
Crystal Palace,Burnley,0,2,2016
Southampton,Hull,0,0,2016
Stoke,West Ham,0,0,2016
Sunderland,Bournemouth,0,1,2016
West Brom,Leicester,0,1,2016
Everton,Chelsea,0,3,2016
Man United,Swansea,1,1,2016
Middlesbrough,Man City,2,2,2016
Tottenham,Arsenal,2,0,2016
Watford,Liverpool,0,1,2016
West Ham,Tottenham,1,0,2016
Bournemouth,Stoke,2,2,2016
Burnley,West Brom,2,2,2016
Hull,Sunderland,0,2,2016
Leicester,Watford,3,0,2016
Man City,Crystal Palace,5,0,2016
Swansea,Everton,1,0,2016
Arsenal,Man United,2,0,2016
Liverpool,Southampton,0,0,2016
Chelsea,Middlesbrough,3,0,2016
Southampton,Arsenal,0,2,2016
Everton,Watford,1,0,2016
West Brom,Chelsea,0,1,2016
Bournemouth,Burnley,2,1,2016
Man City,Leicester,2,1,2016
Middlesbrough,Southampton,1,2,2016
Stoke,Arsenal,1,4,2016
Sunderland,Swansea,0,2,2016
Crystal Palace,Hull,4,0,2016
Tottenham,Man United,2,1,2016
West Ham,Liverpool,0,4,2016
Chelsea,Watford,4,3,2016
Arsenal,Sunderland,2,0,2016
Man City,West Brom,3,1,2016
Southampton,Man United,0,0,2016
Leicester,Tottenham,1,6,2016
Arsenal,Everton,3,1,2016
Burnley,West Ham,1,2,2016
Chelsea,Sunderland,5,1,2016
Hull,Tottenham,1,7,2016
Leicester,Bournemouth,1,1,2016
Liverpool,Middlesbrough,3,0,2016
Man United,Crystal Palace,2,0,2016
Southampton,Stoke,0,1,2016
Swansea,West Brom,2,1,2016
Watford,Man City,0,5,2016
Arsenal,Leicester,4,3,2017
Brighton,Man City,0,2,2017
Chelsea,Burnley,2,3,2017
Crystal Palace,Huddersfield,0,3,2017
Everton,Stoke,1,0,2017
Southampton,Swansea,0,0,2017
Watford,Liverpool,3,3,2017
West Brom,Bournemouth,1,0,2017
Man United,West Ham,4,0,2017
Newcastle,Tottenham,0,2,2017
Bournemouth,Watford,0,2,2017
Burnley,West Brom,0,1,2017
Leicester,Brighton,2,0,2017
Liverpool,Crystal Palace,1,0,2017
Southampton,West Ham,3,2,2017
Stoke,Arsenal,1,0,2017
Swansea,Man United,0,4,2017
Huddersfield,Newcastle,1,0,2017
Tottenham,Chelsea,1,2,2017
Man City,Everton,1,1,2017
Bournemouth,Man City,1,2,2017
Crystal Palace,Swansea,0,2,2017
Huddersfield,Southampton,0,0,2017
Man United,Leicester,2,0,2017
Newcastle,West Ham,3,0,2017
Watford,Brighton,0,0,2017
Chelsea,Everton,2,0,2017
Liverpool,Arsenal,4,0,2017
Tottenham,Burnley,1,1,2017
West Brom,Stoke,1,1,2017
Arsenal,Bournemouth,3,0,2017
Brighton,West Brom,3,1,2017
Everton,Tottenham,0,3,2017
Leicester,Chelsea,1,2,2017
Man City,Liverpool,5,0,2017
Southampton,Watford,0,2,2017
Stoke,Man United,2,2,2017
Burnley,Crystal Palace,1,0,2017
Swansea,Newcastle,0,1,2017
West Ham,Huddersfield,2,0,2017
Bournemouth,Brighton,2,1,2017
Crystal Palace,Southampton,0,1,2017
Huddersfield,Leicester,1,1,2017
Liverpool,Burnley,1,1,2017
Newcastle,Stoke,2,1,2017
Tottenham,Swansea,0,0,2017
Watford,Man City,0,6,2017
West Brom,West Ham,0,0,2017
Chelsea,Arsenal,0,0,2017
Man United,Everton,4,0,2017
Burnley,Huddersfield,0,0,2017
Everton,Bournemouth,2,1,2017
Leicester,Liverpool,2,3,2017
Man City,Crystal Palace,5,0,2017
Southampton,Man United,0,1,2017
Stoke,Chelsea,0,4,2017
Swansea,Watford,1,2,2017
West Ham,Tottenham,2,3,2017
Brighton,Newcastle,1,0,2017
Arsenal,West Brom,2,0,2017
Bournemouth,Leicester,0,0,2017
Chelsea,Man City,0,1,2017
Huddersfield,Tottenham,0,4,2017
Man United,Crystal Palace,4,0,2017
Stoke,Southampton,2,1,2017
West Brom,Watford,2,2,2017
West Ham,Swansea,1,0,2017
Arsenal,Brighton,2,0,2017
Everton,Burnley,0,1,2017
Newcastle,Liverpool,1,1,2017
Burnley,West Ham,1,1,2017
Crystal Palace,Chelsea,2,1,2017
Liverpool,Man United,0,0,2017
Man City,Stoke,7,2,2017
Swansea,Huddersfield,2,0,2017
Tottenham,Bournemouth,1,0,2017
Watford,Arsenal,2,1,2017
Brighton,Everton,1,1,2017
Southampton,Newcastle,2,2,2017
Leicester,West Brom,1,1,2017
West Ham,Brighton,0,3,2017
Chelsea,Watford,4,2,2017
Huddersfield,Man United,2,1,2017
Man City,Burnley,3,0,2017
Newcastle,Crystal Palace,1,0,2017
Southampton,West Brom,1,0,2017
Stoke,Bournemouth,1,2,2017
Swansea,Leicester,1,2,2017
Everton,Arsenal,2,5,2017
Tottenham,Liverpool,4,1,2017
Arsenal,Swansea,2,1,2017
Bournemouth,Chelsea,0,1,2017
Crystal Palace,West Ham,2,2,2017
Liverpool,Huddersfield,3,0,2017
Man United,Tottenham,1,0,2017
Watford,Stoke,0,1,2017
West Brom,Man City,2,3,2017
Brighton,Southampton,1,1,2017
Leicester,Everton,2,0,2017
Burnley,Newcastle,1,0,2017
Huddersfield,West Brom,1,0,2017
Newcastle,Bournemouth,0,1,2017
Southampton,Burnley,0,1,2017
Stoke,Leicester,2,2,2017
Swansea,Brighton,0,1,2017
West Ham,Liverpool,1,4,2017
Chelsea,Man United,1,0,2017
Everton,Watford,3,2,2017
Man City,Arsenal,3,1,2017
Tottenham,Crystal Palace,1,0,2017
Arsenal,Tottenham,2,0,2017
Bournemouth,Huddersfield,4,0,2017
Burnley,Swansea,2,0,2017
Crystal Palace,Everton,2,2,2017
Leicester,Man City,0,2,2017
Liverpool,Southampton,3,0,2017
Man United,Newcastle,4,1,2017
West Brom,Chelsea,0,4,2017
Watford,West Ham,2,0,2017
Brighton,Stoke,2,2,2017
West Ham,Leicester,1,1,2017
Crystal Palace,Stoke,2,1,2017
Liverpool,Chelsea,1,1,2017
Man United,Brighton,1,0,2017
Newcastle,Watford,0,3,2017
Swansea,Bournemouth,0,0,2017
Tottenham,West Brom,1,1,2017
Burnley,Arsenal,0,1,2017
Huddersfield,Man City,1,2,2017
Southampton,Everton,4,1,2017
Brighton,Crystal Palace,0,0,2017
Leicester,Tottenham,2,1,2017
Watford,Man United,2,4,2017
West Brom,Newcastle,2,2,2017
Arsenal,Huddersfield,5,0,2017
Bournemouth,Burnley,1,2,2017
Chelsea,Swansea,1,0,2017
Everton,West Ham,4,0,2017
Man City,Southampton,2,1,2017
Stoke,Liverpool,0,3,2017
Arsenal,Man United,1,3,2017
Brighton,Liverpool,1,5,2017
Chelsea,Newcastle,3,1,2017
Everton,Huddersfield,2,0,2017
Leicester,Burnley,1,0,2017
Stoke,Swansea,2,1,2017
Watford,Tottenham,1,1,2017
West Brom,Crystal Palace,0,0,2017
Bournemouth,Southampton,1,1,2017
Man City,West Ham,2,1,2017
Burnley,Watford,1,0,2017
Crystal Palace,Bournemouth,2,2,2017
Huddersfield,Brighton,2,0,2017
Newcastle,Leicester,2,3,2017
Swansea,West Brom,1,0,2017
Tottenham,Stoke,5,1,2017
West Ham,Chelsea,1,0,2017
Liverpool,Everton,1,1,2017
Man United,Man City,1,2,2017
Southampton,Arsenal,1,1,2017
Burnley,Stoke,1,0,2017
Crystal Palace,Watford,2,1,2017
Huddersfield,Chelsea,1,3,2017
Liverpool,West Brom,0,0,2017
Man United,Bournemouth,1,0,2017
Newcastle,Everton,0,1,2017
Southampton,Leicester,1,4,2017
Swansea,Man City,0,4,2017
Tottenham,Brighton,2,0,2017
West Ham,Arsenal,0,0,2017
Arsenal,Newcastle,1,0,2017
Brighton,Burnley,0,0,2017
Chelsea,Southampton,1,0,2017
Leicester,Crystal Palace,0,3,2017
Man City,Tottenham,4,1,2017
Stoke,West Ham,0,3,2017
Watford,Huddersfield,1,4,2017
Bournemouth,Liverpool,0,4,2017
West Brom,Man United,1,2,2017
Everton,Swansea,3,1,2017
Arsenal,Liverpool,3,3,2017
Brighton,Watford,1,0,2017
Burnley,Tottenham,0,3,2017
Everton,Chelsea,0,0,2017
Leicester,Man United,2,2,2017
Man City,Bournemouth,4,0,2017
Southampton,Huddersfield,1,1,2017
Stoke,West Brom,3,1,2017
Swansea,Crystal Palace,1,1,2017
West Ham,Newcastle,2,3,2017
Bournemouth,West Ham,3,3,2017
Chelsea,Brighton,2,0,2017
Huddersfield,Stoke,1,1,2017
Liverpool,Swansea,5,0,2017
Man United,Burnley,2,2,2017
Tottenham,Southampton,5,2,2017
Watford,Leicester,2,1,2017
West Brom,Everton,0,0,2017
Newcastle,Man City,0,1,2017
Crystal Palace,Arsenal,2,3,2017
Bournemouth,Everton,2,1,2017
Chelsea,Stoke,5,0,2017
Huddersfield,Burnley,0,0,2017
Liverpool,Leicester,2,1,2017
Man United,Southampton,0,0,2017
Newcastle,Brighton,0,0,2017
Watford,Swansea,1,2,2017
Crystal Palace,Man City,0,0,2017
West Brom,Arsenal,1,1,2017
Brighton,Bournemouth,2,2,2017
Burnley,Liverpool,1,2,2017
Everton,Man United,0,2,2017
Leicester,Huddersfield,3,0,2017
Stoke,Newcastle,0,1,2017
Man City,Watford,3,1,2017
Southampton,Crystal Palace,1,2,2017
Swansea,Tottenham,0,2,2017
West Ham,West Brom,2,1,2017
Arsenal,Chelsea,2,2,2017
Tottenham,West Ham,1,1,2017
Chelsea,Leicester,0,0,2017
Crystal Palace,Burnley,1,0,2017
Huddersfield,West Ham,1,4,2017
Newcastle,Swansea,1,1,2017
Tottenham,Everton,4,0,2017
Watford,Southampton,2,2,2017
West Brom,Brighton,2,0,2017
Bournemouth,Arsenal,2,1,2017
Liverpool,Man City,4,3,2017
Man United,Stoke,3,0,2017
Arsenal,Crystal Palace,4,1,2017
Brighton,Chelsea,0,4,2017
Burnley,Man United,0,1,2017
Everton,West Brom,1,1,2017
Leicester,Watford,2,0,2017
Man City,Newcastle,3,1,2017
Stoke,Huddersfield,2,0,2017
West Ham,Bournemouth,1,1,2017
Southampton,Tottenham,1,1,2017
Swansea,Liverpool,1,0,2017
Huddersfield,Liverpool,0,3,2017
Swansea,Arsenal,3,1,2017
West Ham,Crystal Palace,1,1,2017
Chelsea,Bournemouth,0,3,2017
Everton,Leicester,2,1,2017
Man City,West Brom,3,0,2017
Newcastle,Burnley,1,1,2017
Southampton,Brighton,1,1,2017
Stoke,Watford,0,0,2017
Tottenham,Man United,2,0,2017
Arsenal,Everton,5,1,2017
Bournemouth,Stoke,2,1,2017
Brighton,West Ham,3,1,2017
Burnley,Man City,1,1,2017
Leicester,Swansea,1,1,2017
Man United,Huddersfield,2,0,2017
West Brom,Southampton,2,3,2017
Crystal Palace,Newcastle,1,1,2017
Liverpool,Tottenham,2,2,2017
Watford,Chelsea,4,1,2017
Everton,Crystal Palace,3,1,2017
Man City,Leicester,5,1,2017
Stoke,Brighton,1,1,2017
Swansea,Burnley,1,0,2017
Tottenham,Arsenal,1,0,2017
West Ham,Watford,2,0,2017
Huddersfield,Bournemouth,4,1,2017
Newcastle,Man United,1,0,2017
Southampton,Liverpool,0,2,2017
Chelsea,West Brom,3,0,2017
Bournemouth,Newcastle,2,2,2017
Brighton,Swansea,4,1,2017
Burnley,Southampton,1,1,2017
Leicester,Stoke,1,1,2017
Liverpool,West Ham,4,1,2017
Watford,Everton,1,0,2017
West Brom,Huddersfield,1,2,2017
Crystal Palace,Tottenham,0,1,2017
Man United,Chelsea,2,1,2017
Arsenal,Man City,0,3,2017
Burnley,Everton,2,1,2017
Leicester,Bournemouth,1,1,2017
Liverpool,Newcastle,2,0,2017
Southampton,Stoke,0,0,2017
Swansea,West Ham,4,1,2017
Tottenham,Huddersfield,2,0,2017
Watford,West Brom,1,0,2017
Brighton,Arsenal,2,1,2017
Man City,Chelsea,1,0,2017
Crystal Palace,Man United,2,3,2017
Chelsea,Crystal Palace,2,1,2017
Everton,Brighton,2,0,2017
Huddersfield,Swansea,0,0,2017
Man United,Liverpool,2,1,2017
Newcastle,Southampton,3,0,2017
West Brom,Leicester,1,4,2017
West Ham,Burnley,0,3,2017
Arsenal,Watford,3,0,2017
Bournemouth,Tottenham,1,4,2017
Stoke,Man City,0,2,2017
Bournemouth,West Brom,2,1,2017
Huddersfield,Crystal Palace,0,2,2017
Liverpool,Watford,5,0,2017
Stoke,Everton,1,2,2017
Brighton,Leicester,0,2,2017
Crystal Palace,Liverpool,1,2,2017
Everton,Man City,1,3,2017
Man United,Swansea,2,0,2017
Newcastle,Huddersfield,1,0,2017
Watford,Bournemouth,2,2,2017
West Brom,Burnley,1,2,2017
West Ham,Southampton,3,0,2017
Arsenal,Stoke,3,0,2017
Chelsea,Tottenham,1,3,2017
Bournemouth,Crystal Palace,2,2,2017
Brighton,Huddersfield,1,1,2017
Everton,Liverpool,0,0,2017
Leicester,Newcastle,1,2,2017
Man City,Man United,2,3,2017
Stoke,Tottenham,1,2,2017
Watford,Burnley,1,2,2017
West Brom,Swansea,1,1,2017
Arsenal,Southampton,3,2,2017
Chelsea,West Ham,1,1,2017
Burnley,Leicester,2,1,2017
Crystal Palace,Brighton,3,2,2017
Huddersfield,Watford,1,0,2017
Liverpool,Bournemouth,3,0,2017
Southampton,Chelsea,2,3,2017
Swansea,Everton,1,1,2017
Tottenham,Man City,1,3,2017
Man United,West Brom,0,1,2017
Newcastle,Arsenal,2,1,2017
West Ham,Stoke,1,1,2017
Brighton,Tottenham,1,1,2017
Bournemouth,Man United,0,2,2017
Burnley,Chelsea,1,2,2017
Leicester,Southampton,0,0,2017
Watford,Crystal Palace,0,0,2017
West Brom,Liverpool,2,2,2017
Arsenal,West Ham,4,1,2017
Man City,Swansea,5,0,2017
Stoke,Burnley,1,1,2017
Everton,Newcastle,1,0,2017
Burnley,Brighton,0,0,2017
Crystal Palace,Leicester,5,0,2017
Huddersfield,Everton,0,2,2017
Liverpool,Stoke,0,0,2017
Newcastle,West Brom,0,1,2017
Southampton,Bournemouth,2,1,2017
Swansea,Chelsea,0,1,2017
Man United,Arsenal,2,1,2017
West Ham,Man City,1,4,2017
Tottenham,Watford,2,0,2017
Brighton,Man United,1,0,2017
Bournemouth,Swansea,1,0,2017
Everton,Southampton,1,1,2017
Leicester,West Ham,0,2,2017
Stoke,Crystal Palace,1,2,2017
Watford,Newcastle,2,1,2017
West Brom,Tottenham,1,0,2017
Arsenal,Burnley,5,0,2017
Chelsea,Liverpool,1,0,2017
Man City,Huddersfield,0,0,2017
Swansea,Southampton,0,1,2017
Chelsea,Huddersfield,1,1,2017
Leicester,Arsenal,3,1,2017
Man City,Brighton,3,1,2017
Tottenham,Newcastle,1,0,2017
West Ham,Man United,0,0,2017
Burnley,Bournemouth,1,2,2017
Crystal Palace,West Brom,2,0,2017
Huddersfield,Arsenal,0,1,2017
Liverpool,Brighton,4,0,2017
Man United,Watford,1,0,2017
Newcastle,Chelsea,3,0,2017
Southampton,Man City,0,1,2017
Swansea,Stoke,1,2,2017
Tottenham,Leicester,5,4,2017
West Ham,Everton,3,1,2017
Man United,Leicester,2,1,2018
Bournemouth,Cardiff,2,0,2018
Fulham,Crystal Palace,0,2,2018
Huddersfield,Chelsea,0,3,2018
Newcastle,Tottenham,1,2,2018
Watford,Brighton,2,0,2018
Wolves,Everton,2,2,2018
Arsenal,Man City,0,2,2018
Liverpool,West Ham,4,0,2018
Southampton,Burnley,0,0,2018
Cardiff,Newcastle,0,0,2018
Chelsea,Arsenal,3,2,2018
Everton,Southampton,2,1,2018
Leicester,Wolves,2,0,2018
Tottenham,Fulham,3,1,2018
West Ham,Bournemouth,1,2,2018
Brighton,Man United,3,2,2018
Burnley,Watford,1,3,2018
Man City,Huddersfield,6,1,2018
Crystal Palace,Liverpool,0,2,2018
Arsenal,West Ham,3,1,2018
Bournemouth,Everton,2,2,2018
Huddersfield,Cardiff,0,0,2018
Liverpool,Brighton,1,0,2018
Southampton,Leicester,1,2,2018
Wolves,Man City,1,1,2018
Fulham,Burnley,4,2,2018
Newcastle,Chelsea,1,2,2018
Watford,Crystal Palace,2,1,2018
Man United,Tottenham,0,3,2018
Brighton,Fulham,2,2,2018
Chelsea,Bournemouth,2,0,2018
Crystal Palace,Southampton,0,2,2018
Everton,Huddersfield,1,1,2018
Leicester,Liverpool,1,2,2018
Man City,Newcastle,2,1,2018
West Ham,Wolves,0,1,2018
Burnley,Man United,0,2,2018
Cardiff,Arsenal,2,3,2018
Watford,Tottenham,2,1,2018
Bournemouth,Leicester,4,2,2018
Chelsea,Cardiff,4,1,2018
Huddersfield,Crystal Palace,0,1,2018
Man City,Fulham,3,0,2018
Newcastle,Arsenal,1,2,2018
Tottenham,Liverpool,1,2,2018
Watford,Man United,1,2,2018
Everton,West Ham,1,3,2018
Wolves,Burnley,1,0,2018
Southampton,Brighton,2,2,2018
Brighton,Tottenham,1,2,2018
Burnley,Bournemouth,4,0,2018
Cardiff,Man City,0,5,2018
Crystal Palace,Newcastle,0,0,2018
Fulham,Watford,1,1,2018
Leicester,Huddersfield,3,1,2018
Liverpool,Southampton,3,0,2018
Man United,Wolves,1,1,2018
Arsenal,Everton,2,0,2018
West Ham,Chelsea,0,0,2018
Arsenal,Watford,2,0,2018
Chelsea,Liverpool,1,1,2018
Everton,Fulham,3,0,2018
Huddersfield,Tottenham,0,2,2018
Man City,Brighton,2,0,2018
Newcastle,Leicester,0,2,2018
West Ham,Man United,3,1,2018
Wolves,Southampton,2,0,2018
Cardiff,Burnley,1,2,2018
Bournemouth,Crystal Palace,2,1,2018
Brighton,West Ham,1,0,2018
Burnley,Huddersfield,1,1,2018
Crystal Palace,Wolves,0,1,2018
Leicester,Everton,1,2,2018
Man United,Newcastle,3,2,2018
Tottenham,Cardiff,1,0,2018
Watford,Bournemouth,0,4,2018
Fulham,Arsenal,1,5,2018
Liverpool,Man City,0,0,2018
Southampton,Chelsea,0,3,2018
Bournemouth,Southampton,0,0,2018
Cardiff,Fulham,4,2,2018
Chelsea,Man United,2,2,2018
Huddersfield,Liverpool,0,1,2018
Man City,Burnley,5,0,2018
Newcastle,Brighton,0,1,2018
West Ham,Tottenham,0,1,2018
Wolves,Watford,0,2,2018
Everton,Crystal Palace,2,0,2018
Arsenal,Leicester,3,1,2018
Brighton,Wolves,1,0,2018
Fulham,Bournemouth,0,3,2018
Leicester,West Ham,1,1,2018
Liverpool,Cardiff,4,1,2018
Southampton,Newcastle,0,0,2018
Watford,Huddersfield,3,0,2018
Burnley,Chelsea,0,4,2018
Crystal Palace,Arsenal,2,2,2018
Man United,Everton,2,1,2018
Tottenham,Man City,0,1,2018
Arsenal,Liverpool,1,1,2018
Bournemouth,Man United,1,2,2018
Cardiff,Leicester,0,1,2018
Everton,Brighton,3,1,2018
Newcastle,Watford,1,0,2018
West Ham,Burnley,4,2,2018
Wolves,Tottenham,2,3,2018
Chelsea,Crystal Palace,3,1,2018
Man City,Southampton,6,1,2018
Huddersfield,Fulham,1,0,2018
Cardiff,Brighton,2,1,2018
Crystal Palace,Tottenham,0,1,2018
Huddersfield,West Ham,1,1,2018
Leicester,Burnley,0,0,2018
Newcastle,Bournemouth,2,1,2018
Southampton,Watford,1,1,2018
Arsenal,Wolves,1,1,2018
Chelsea,Everton,0,0,2018
Liverpool,Fulham,2,0,2018
Man City,Man United,3,1,2018
Brighton,Leicester,1,1,2018
Everton,Cardiff,1,0,2018
Fulham,Southampton,3,2,2018
Man United,Crystal Palace,0,0,2018
Tottenham,Chelsea,3,1,2018
Watford,Liverpool,0,3,2018
West Ham,Man City,0,4,2018
Bournemouth,Arsenal,1,2,2018
Wolves,Huddersfield,0,2,2018
Burnley,Newcastle,1,2,2018
Cardiff,Wolves,2,1,2018
Crystal Palace,Burnley,2,0,2018
Huddersfield,Brighton,1,2,2018
Leicester,Watford,2,0,2018
Man City,Bournemouth,3,1,2018
Newcastle,West Ham,0,3,2018
Southampton,Man United,2,2,2018
Arsenal,Tottenham,4,2,2018
Chelsea,Fulham,2,0,2018
Liverpool,Everton,1,0,2018
Bournemouth,Huddersfield,2,1,2018
Brighton,Crystal Palace,3,1,2018
Watford,Man City,1,2,2018
West Ham,Cardiff,3,1,2018
Burnley,Liverpool,1,3,2018
Everton,Newcastle,1,1,2018
Fulham,Leicester,1,1,2018
Man United,Arsenal,2,2,2018
Tottenham,Southampton,3,1,2018
Wolves,Chelsea,2,1,2018
Arsenal,Huddersfield,1,0,2018
Bournemouth,Liverpool,0,4,2018
Burnley,Brighton,1,0,2018
Cardiff,Southampton,1,0,2018
Chelsea,Man City,2,0,2018
Leicester,Tottenham,0,2,2018
Man United,Fulham,4,1,2018
West Ham,Crystal Palace,3,2,2018
Newcastle,Wolves,1,2,2018
Everton,Watford,2,2,2018
Crystal Palace,Leicester,1,0,2018
Fulham,West Ham,0,2,2018
Huddersfield,Newcastle,0,1,2018
Man City,Everton,3,1,2018
Tottenham,Burnley,1,0,2018
Watford,Cardiff,3,2,2018
Wolves,Bournemouth,2,0,2018
Brighton,Chelsea,1,2,2018
Liverpool,Man United,3,1,2018
Southampton,Arsenal,3,2,2018
Wolves,Liverpool,0,2,2018
Arsenal,Burnley,3,1,2018
Bournemouth,Brighton,2,0,2018
Cardiff,Man United,1,5,2018
Chelsea,Leicester,0,1,2018
Huddersfield,Southampton,1,3,2018
Man City,Crystal Palace,2,3,2018
Newcastle,Fulham,0,0,2018
West Ham,Watford,0,2,2018
Everton,Tottenham,2,6,2018
Brighton,Arsenal,1,1,2018
Burnley,Everton,1,5,2018
Crystal Palace,Cardiff,0,0,2018
Fulham,Wolves,1,1,2018
Leicester,Man City,2,1,2018
Liverpool,Newcastle,4,0,2018
Man United,Huddersfield,3,1,2018
Tottenham,Bournemouth,5,0,2018
Watford,Chelsea,1,2,2018
Southampton,West Ham,1,2,2018
Brighton,Everton,1,0,2018
Fulham,Huddersfield,1,0,2018
Leicester,Cardiff,0,1,2018
Liverpool,Arsenal,5,1,2018
Tottenham,Wolves,1,3,2018
Watford,Newcastle,1,1,2018
Burnley,West Ham,2,0,2018
Crystal Palace,Chelsea,0,1,2018
Man United,Bournemouth,4,1,2018
Southampton,Man City,1,3,2018
Arsenal,Fulham,4,1,2018
Cardiff,Tottenham,0,3,2018
Everton,Leicester,0,1,2018
Bournemouth,Watford,3,3,2018
Chelsea,Southampton,0,0,2018
Huddersfield,Burnley,1,2,2018
Newcastle,Man United,0,2,2018
West Ham,Brighton,2,2,2018
Wolves,Crystal Palace,0,2,2018
Man City,Liverpool,2,1,2018
Brighton,Liverpool,0,1,2018
Burnley,Fulham,2,1,2018
Cardiff,Huddersfield,0,0,2018
Chelsea,Newcastle,2,1,2018
Crystal Palace,Watford,1,2,2018
Leicester,Southampton,1,2,2018
West Ham,Arsenal,1,0,2018
Everton,Bournemouth,2,0,2018
Tottenham,Man United,0,1,2018
Man City,Wolves,3,0,2018
Arsenal,Chelsea,2,0,2018
Bournemouth,West Ham,2,0,2018
Liverpool,Crystal Palace,4,3,2018
Man United,Brighton,2,1,2018
Newcastle,Cardiff,3,0,2018
Southampton,Everton,2,1,2018
Watford,Burnley,0,0,2018
Wolves,Leicester,4,3,2018
Fulham,Tottenham,1,2,2018
Huddersfield,Man City,0,3,2018
Arsenal,Cardiff,2,1,2018
Fulham,Brighton,4,2,2018
Huddersfield,Everton,0,1,2018
Man United,Burnley,2,2,2018
Newcastle,Man City,2,1,2018
Wolves,West Ham,3,0,2018
Bournemouth,Chelsea,4,0,2018
Liverpool,Leicester,1,1,2018
Southampton,Crystal Palace,1,1,2018
Tottenham,Watford,2,1,2018
Brighton,Watford,0,0,2018
Burnley,Southampton,1,1,2018
Cardiff,Bournemouth,2,0,2018
Chelsea,Huddersfield,5,0,2018
Crystal Palace,Fulham,2,0,2018
Everton,Wolves,1,3,2018
Tottenham,Newcastle,1,0,2018
Leicester,Man United,0,1,2018
Man City,Arsenal,3,1,2018
West Ham,Liverpool,1,1,2018
Everton,Man City,0,2,2018
Brighton,Burnley,1,3,2018
Crystal Palace,West Ham,1,1,2018
Fulham,Man United,0,3,2018
Huddersfield,Arsenal,1,2,2018
Liverpool,Bournemouth,3,0,2018
Southampton,Cardiff,1,2,2018
Watford,Everton,1,0,2018
Man City,Chelsea,6,0,2018
Tottenham,Leicester,3,1,2018
Wolves,Newcastle,1,1,2018
Cardiff,Watford,1,5,2018
West Ham,Fulham,3,1,2018
Bournemouth,Wolves,1,1,2018
Burnley,Tottenham,2,1,2018
Leicester,Crystal Palace,1,4,2018
Newcastle,Huddersfield,2,0,2018
Arsenal,Southampton,2,0,2018
Man United,Liverpool,0,0,2018
Cardiff,Everton,0,3,2018
Huddersfield,Wolves,1,0,2018
Leicester,Brighton,2,1,2018
Newcastle,Burnley,2,0,2018
Arsenal,Bournemouth,5,1,2018
Chelsea,Tottenham,2,0,2018
Crystal Palace,Man United,1,3,2018
Liverpool,Watford,5,0,2018
Man City,West Ham,1,0,2018
Southampton,Fulham,2,0,2018
Bournemouth,Man City,0,1,2018
Brighton,Huddersfield,1,0,2018
Burnley,Crystal Palace,1,3,2018
Man United,Southampton,3,2,2018
Tottenham,Arsenal,1,1,2018
West Ham,Newcastle,2,0,2018
Wolves,Cardiff,2,0,2018
Everton,Liverpool,0,0,2018
Fulham,Chelsea,1,2,2018
Watford,Leicester,2,1,2018
Cardiff,West Ham,2,0,2018
Crystal Palace,Brighton,1,2,2018
Huddersfield,Bournemouth,0,2,2018
Leicester,Fulham,3,1,2018
Man City,Watford,3,1,2018
Newcastle,Everton,3,2,2018
Southampton,Tottenham,2,1,2018
Arsenal,Man United,2,0,2018
Chelsea,Wolves,1,1,2018
Liverpool,Burnley,4,2,2018
Bournemouth,Newcastle,2,2,2018
Burnley,Leicester,1,2,2018
West Ham,Huddersfield,4,3,2018
Everton,Chelsea,2,0,2018
Fulham,Liverpool,1,2,2018
Brighton,Southampton,0,1,2018
Burnley,Wolves,2,0,2018
Crystal Palace,Huddersfield,2,0,2018
Fulham,Man City,0,2,2018
Leicester,Bournemouth,2,0,2018
Man United,Watford,2,1,2018
West Ham,Everton,0,2,2018
Cardiff,Chelsea,1,2,2018
Liverpool,Tottenham,2,1,2018
Arsenal,Newcastle,2,0,2018
Watford,Fulham,4,1,2018
Wolves,Man United,2,1,2018
Chelsea,Brighton,3,0,2018
Man City,Cardiff,2,0,2018
Tottenham,Crystal Palace,2,0,2018
Southampton,Liverpool,1,3,2018
Bournemouth,Burnley,1,3,2018
Huddersfield,Leicester,1,4,2018
Newcastle,Crystal Palace,0,1,2018
Everton,Arsenal,1,0,2018
Chelsea,West Ham,2,0,2018
Leicester,Newcastle,0,1,2018
Brighton,Bournemouth,0,5,2018
Burnley,Cardiff,2,0,2018
Fulham,Everton,2,0,2018
Man United,West Ham,2,1,2018
Southampton,Wolves,3,1,2018
Tottenham,Huddersfield,4,0,2018
Crystal Palace,Man City,1,3,2018
Liverpool,Chelsea,2,0,2018
Watford,Arsenal,0,1,2018
Brighton,Cardiff,0,2,2018
Bournemouth,Fulham,0,1,2018
Huddersfield,Watford,1,2,2018
Man City,Tottenham,1,0,2018
Newcastle,Southampton,3,1,2018
West Ham,Leicester,2,2,2018
Wolves,Brighton,0,0,2018
Arsenal,Crystal Palace,2,3,2018
Cardiff,Liverpool,0,2,2018
Everton,Man United,4,0,2018
Chelsea,Burnley,2,2,2018
Tottenham,Brighton,1,0,2018
Watford,Southampton,1,1,2018
Man United,Man City,0,2,2018
Wolves,Arsenal,3,1,2018
Liverpool,Huddersfield,5,0,2018
Brighton,Newcastle,1,1,2018
Crystal Palace,Everton,0,0,2018
Fulham,Cardiff,1,0,2018
Southampton,Bournemouth,3,3,2018
Tottenham,West Ham,0,1,2018
Watford,Wolves,1,2,2018
Burnley,Man City,0,1,2018
Leicester,Arsenal,3,0,2018
Man United,Chelsea,1,1,2018
Everton,Burnley,2,0,2018
Bournemouth,Tottenham,1,0,2018
Cardiff,Crystal Palace,2,3,2018
Newcastle,Liverpool,2,3,2018
West Ham,Southampton,3,0,2018
Wolves,Fulham,1,0,2018
Arsenal,Brighton,1,1,2018
Chelsea,Watford,3,0,2018
Huddersfield,Man United,1,1,2018
Man City,Leicester,1,0,2018
Brighton,Man City,1,4,2018
Burnley,Arsenal,1,3,2018
Crystal Palace,Bournemouth,5,3,2018
Fulham,Newcastle,0,4,2018
Leicester,Chelsea,0,0,2018
Liverpool,Wolves,2,0,2018
Man United,Cardiff,0,2,2018
Southampton,Huddersfield,1,1,2018
Tottenham,Everton,2,2,2018
Watford,West Ham,1,4,2018
Liverpool,Norwich,4,1,2019
West Ham,Man City,0,5,2019
Bournemouth,Sheffield United,1,1,2019
Burnley,Southampton,3,0,2019
Crystal Palace,Everton,0,0,2019
Watford,Brighton,0,3,2019
Tottenham,Aston Villa,3,1,2019
Leicester,Wolves,0,0,2019
Newcastle,Arsenal,0,1,2019
Man United,Chelsea,4,0,2019
Arsenal,Burnley,2,1,2019
Aston Villa,Bournemouth,1,2,2019
Brighton,West Ham,1,1,2019
Everton,Watford,1,0,2019
Norwich,Newcastle,3,1,2019
Southampton,Liverpool,1,2,2019
Man City,Tottenham,2,2,2019
Sheffield United,Crystal Palace,1,0,2019
Chelsea,Leicester,1,1,2019
Wolves,Man United,1,1,2019
Aston Villa,Everton,2,0,2019
Norwich,Chelsea,2,3,2019
Brighton,Southampton,0,2,2019
Man United,Crystal Palace,1,2,2019
Sheffield United,Leicester,1,2,2019
Watford,West Ham,1,3,2019
Liverpool,Arsenal,3,1,2019
Bournemouth,Man City,1,3,2019
Tottenham,Newcastle,0,1,2019
Wolves,Burnley,1,1,2019
Southampton,Man United,1,1,2019
Chelsea,Sheffield United,2,2,2019
Crystal Palace,Aston Villa,1,0,2019
Leicester,Bournemouth,3,1,2019
Man City,Brighton,4,0,2019
Newcastle,Watford,1,1,2019
West Ham,Norwich,2,0,2019
Burnley,Liverpool,0,3,2019
Everton,Wolves,3,2,2019
Arsenal,Tottenham,2,2,2019
Liverpool,Newcastle,3,1,2019
Brighton,Burnley,1,1,2019
Man United,Leicester,1,0,2019
Sheffield United,Southampton,0,1,2019
Tottenham,Crystal Palace,4,0,2019
Wolves,Chelsea,2,5,2019
Norwich,Man City,3,2,2019
Bournemouth,Everton,3,1,2019
Watford,Arsenal,2,2,2019
Aston Villa,West Ham,0,0,2019
Southampton,Bournemouth,1,3,2019
Leicester,Tottenham,2,1,2019
Burnley,Norwich,2,0,2019
Everton,Sheffield United,0,2,2019
Man City,Watford,8,0,2019
Newcastle,Brighton,0,0,2019
Crystal Palace,Wolves,1,1,2019
West Ham,Man United,2,0,2019
Arsenal,Aston Villa,3,2,2019
Chelsea,Liverpool,1,2,2019
Sheffield United,Liverpool,0,1,2019
Aston Villa,Burnley,2,2,2019
Bournemouth,West Ham,2,2,2019
Chelsea,Brighton,2,0,2019
Crystal Palace,Norwich,2,0,2019
Tottenham,Southampton,2,1,2019
Wolves,Watford,2,0,2019
Everton,Man City,1,3,2019
Leicester,Newcastle,5,0,2019
Man United,Arsenal,1,1,2019
Brighton,Tottenham,3,0,2019
Burnley,Everton,1,0,2019
Liverpool,Leicester,2,1,2019
Norwich,Aston Villa,1,5,2019
Watford,Sheffield United,0,0,2019
West Ham,Crystal Palace,1,2,2019
Arsenal,Bournemouth,1,0,2019
Man City,Wolves,0,2,2019
Southampton,Chelsea,1,4,2019
Newcastle,Man United,1,0,2019
Everton,West Ham,2,0,2019
Aston Villa,Brighton,2,1,2019
Bournemouth,Norwich,0,0,2019
Chelsea,Newcastle,1,0,2019
Leicester,Burnley,2,1,2019
Tottenham,Watford,1,1,2019
Wolves,Southampton,1,1,2019
Crystal Palace,Man City,0,2,2019
Man United,Liverpool,1,1,2019
Sheffield United,Arsenal,1,0,2019
Southampton,Leicester,0,9,2019
Man City,Aston Villa,3,0,2019
Brighton,Everton,3,2,2019
Watford,Bournemouth,0,0,2019
West Ham,Sheffield United,1,1,2019
Burnley,Chelsea,2,4,2019
Newcastle,Wolves,1,1,2019
Arsenal,Crystal Palace,2,2,2019
Liverpool,Tottenham,2,1,2019
Norwich,Man United,1,3,2019
Bournemouth,Man United,1,0,2019
Arsenal,Wolves,1,1,2019
Aston Villa,Liverpool,1,2,2019
Brighton,Norwich,2,0,2019
Man City,Southampton,2,1,2019
Sheffield United,Burnley,3,0,2019
West Ham,Newcastle,2,3,2019
Watford,Chelsea,1,2,2019
Crystal Palace,Leicester,0,2,2019
Everton,Tottenham,1,1,2019
Norwich,Watford,0,2,2019
Chelsea,Crystal Palace,2,0,2019
Burnley,West Ham,3,0,2019
Newcastle,Bournemouth,2,1,2019
Southampton,Everton,1,2,2019
Tottenham,Sheffield United,1,1,2019
Leicester,Arsenal,2,0,2019
Man United,Brighton,3,1,2019
Wolves,Aston Villa,2,1,2019
Liverpool,Man City,3,1,2019
West Ham,Tottenham,2,3,2019
Arsenal,Southampton,2,2,2019
Bournemouth,Wolves,1,2,2019
Brighton,Leicester,0,2,2019
Crystal Palace,Liverpool,1,2,2019
Everton,Norwich,0,2,2019
Watford,Burnley,0,3,2019
Man City,Chelsea,2,1,2019
Sheffield United,Man United,3,3,2019
Aston Villa,Newcastle,2,0,2019
Newcastle,Man City,2,2,2019
Burnley,Crystal Palace,0,2,2019
Chelsea,West Ham,0,1,2019
Liverpool,Brighton,2,1,2019
Tottenham,Bournemouth,3,2,2019
Southampton,Watford,2,1,2019
Norwich,Arsenal,2,2,2019
Wolves,Sheffield United,1,1,2019
Leicester,Everton,2,1,2019
Man United,Aston Villa,2,2,2019
Crystal Palace,Bournemouth,1,0,2019
Burnley,Man City,1,4,2019
Chelsea,Aston Villa,2,1,2019
Leicester,Watford,2,0,2019
Man United,Tottenham,2,1,2019
Southampton,Norwich,2,1,2019
Wolves,West Ham,2,0,2019
Liverpool,Everton,5,2,2019
Sheffield United,Newcastle,0,2,2019
Arsenal,Brighton,1,2,2019
Everton,Chelsea,3,1,2019
Bournemouth,Liverpool,0,3,2019
Tottenham,Burnley,5,0,2019
Watford,Crystal Palace,0,0,2019
Man City,Man United,1,2,2019
Aston Villa,Leicester,1,4,2019
Newcastle,Southampton,2,1,2019
Norwich,Sheffield United,1,2,2019
Brighton,Wolves,2,2,2019
West Ham,Arsenal,1,3,2019
Liverpool,Watford,2,0,2019
Burnley,Newcastle,1,0,2019
Chelsea,Bournemouth,0,1,2019
Leicester,Norwich,1,1,2019
Sheffield United,Aston Villa,2,0,2019
Southampton,West Ham,0,1,2019
Man United,Everton,1,1,2019
Wolves,Tottenham,1,2,2019
Arsenal,Man City,0,3,2019
Crystal Palace,Brighton,1,1,2019
Everton,Arsenal,0,0,2019
Aston Villa,Southampton,1,3,2019
Bournemouth,Burnley,0,1,2019
Brighton,Sheffield United,0,1,2019
Newcastle,Crystal Palace,1,0,2019
Norwich,Wolves,1,2,2019
Man City,Leicester,3,1,2019
Watford,Man United,2,0,2019
Tottenham,Chelsea,0,2,2019
Tottenham,Brighton,2,1,2019
Aston Villa,Norwich,1,0,2019
Bournemouth,Arsenal,1,1,2019
Chelsea,Southampton,0,2,2019
Crystal Palace,West Ham,2,1,2019
Everton,Burnley,1,0,2019
Sheffield United,Watford,1,1,2019
Man United,Newcastle,4,1,2019
Leicester,Liverpool,0,4,2019
Wolves,Man City,3,2,2019
Brighton,Bournemouth,2,0,2019
Newcastle,Everton,1,2,2019
Southampton,Crystal Palace,1,1,2019
Watford,Aston Villa,3,0,2019
Norwich,Tottenham,2,2,2019
West Ham,Leicester,1,2,2019
Burnley,Man United,0,2,2019
Arsenal,Chelsea,1,2,2019
Liverpool,Wolves,1,0,2019
Man City,Sheffield United,2,0,2019
Brighton,Chelsea,1,1,2019
Burnley,Aston Villa,1,2,2019
Newcastle,Leicester,0,3,2019
Southampton,Tottenham,1,0,2019
Watford,Wolves,2,1,2019
Man City,Everton,2,1,2019
Norwich,Crystal Palace,1,1,2019
West Ham,Bournemouth,4,0,2019
Arsenal,Man United,2,0,2019
Liverpool,Sheffield United,2,0,2019
Sheffield United,West Ham,1,0,2019
Crystal Palace,Arsenal,1,1,2019
Chelsea,Burnley,3,0,2019
Everton,Brighton,1,0,2019
Leicester,Southampton,1,2,2019
Man United,Norwich,4,0,2019
Wolves,Newcastle,1,1,2019
Tottenham,Liverpool,0,1,2019
Bournemouth,Watford,0,3,2019
Aston Villa,Man City,1,6,2019
Watford,Tottenham,0,0,2019
Arsenal,Sheffield United,1,1,2019
Brighton,Aston Villa,1,1,2019
Man City,Crystal Palace,2,2,2019
Norwich,Bournemouth,1,0,2019
Southampton,Wolves,2,3,2019
West Ham,Everton,1,1,2019
Newcastle,Chelsea,1,0,2019
Burnley,Leicester,2,1,2019
Liverpool,Man United,2,0,2019
Aston Villa,Watford,2,1,2019
Bournemouth,Brighton,3,1,2019
Crystal Palace,Southampton,0,2,2019
Everton,Newcastle,2,2,2019
Sheffield United,Man City,0,1,2019
Chelsea,Arsenal,2,2,2019
Leicester,West Ham,4,1,2019
Tottenham,Norwich,2,1,2019
Man United,Burnley,0,2,2019
Wolves,Liverpool,1,2,2019
West Ham,Liverpool,0,2,2019
Leicester,Chelsea,2,2,2019
Bournemouth,Aston Villa,2,1,2019
Crystal Palace,Sheffield United,0,1,2019
Liverpool,Southampton,4,0,2019
Newcastle,Norwich,0,0,2019
Watford,Everton,2,3,2019
West Ham,Brighton,3,3,2019
Man United,Wolves,0,0,2019
Burnley,Arsenal,0,0,2019
Tottenham,Man City,2,0,2019
Everton,Crystal Palace,3,1,2019
Brighton,Watford,1,1,2019
Sheffield United,Bournemouth,2,1,2019
Wolves,Leicester,0,0,2019
Southampton,Burnley,1,2,2019
Norwich,Liverpool,0,1,2019
Aston Villa,Tottenham,2,3,2019
Arsenal,Newcastle,4,0,2019
Chelsea,Man United,0,2,2019
Man City,West Ham,2,0,2019
Chelsea,Tottenham,2,1,2019
Burnley,Bournemouth,3,0,2019
Crystal Palace,Newcastle,1,0,2019
Sheffield United,Brighton,1,1,2019
Southampton,Aston Villa,2,0,2019
Leicester,Man City,0,1,2019
Man United,Watford,3,0,2019
Wolves,Norwich,3,0,2019
Arsenal,Everton,3,2,2019
Liverpool,West Ham,3,2,2019
Norwich,Leicester,1,0,2019
Brighton,Crystal Palace,0,1,2019
Bournemouth,Chelsea,2,2,2019
Newcastle,Burnley,0,0,2019
West Ham,Southampton,3,1,2019
Watford,Liverpool,3,0,2019
Everton,Man United,1,1,2019
Tottenham,Wolves,2,3,2019
Liverpool,Bournemouth,2,1,2019
Arsenal,West Ham,1,0,2019
Crystal Palace,Watford,1,0,2019
Sheffield United,Norwich,1,0,2019
Southampton,Newcastle,0,1,2019
Wolves,Brighton,0,0,2019
Burnley,Tottenham,1,1,2019
Chelsea,Everton,4,0,2019
Man United,Man City,2,0,2019
Leicester,Aston Villa,4,0,2019
